{"mean": [23.567719249840547, 40.08688109966345, -48.786506249987895, 104.23561408025388, 153.02212033024176, 71.24218888981925, 52.39390826776529, 0.11377477173071221, 0.1895103216906116, 0.14999019135591848, -16.192152303256034, 25.481570983286783, -70.3173967199159, 30.18601512010521, 100.50341184002113, 61.26218227234372, 32.18225439146941, -0.08005491304993903, 0.2706456686777481, 0.09835934710002929, 49.95127827002461, 34.11020007011347, -11.358048369161411, 123.58879031817393, 134.94683868733534, 76.10515146557313, 43.07077464569332, 0.08873359248617049, 0.433717410452365, 0.15654459147499444, 0.15945189870321372, 0.8006907041506889, -1.4829488921530571, 1.72104292748037, 3.203991819633427, 1.0270748433313586, 1.024224223789328, -0.04802523869764681, 0.26096689230728126, 0.27426401379158083, 0.024006595692250467, 0.7634454782619309, -1.4965074558556875, 1.5710608133182402, 3.0675682691739277, 0.8240276772875149, 0.9579451533376543, -0.01509858938292694, 0.3450798183540496, 0.25752519748297986, 0.41298057030424723, 0.8593434253964948, -1.1577866110458463, 2.0791050065575174, 3.236891617603364, 1.349314660451572, 1.1625775826914846, 0.04184206203697437, -0.040931511692165246, 0.22989722883171268, 128.33834473478748, 40.62097311222334, 226.96850779183487, 18.056991589185348, 7.194664160302841, 34.63805309256582, 66.42423257721622, 51.27927137378752, 0.014669452512503935, 0.07500473169533974, -0.07708429292825998, 1.387312490844563, 1.325107072280445, 0.9875492306291342, 1.6042473397345334, 1.2249524161767995], "std": [97.06595360470051, 61.68650596454981, 136.25656778708705, 170.75954901249386, 230.0446782798475, 101.55771913758939, 85.31289523792248, 0.7806982697750233, 2.019414593778939, 0.1878476801967263, 82.0390619579125, 36.018134403907766, 133.40659382871, 113.81909048745041, 153.2796171640858, 72.01496352905018, 46.2824648370761, 0.8449769718417084, 2.454695495344506, 0.15082213967433977, 43.63317165605756, 45.62165904398699, 102.63339010937786, 112.98940444453002, 181.49774196938466, 43.03290964747281, 60.69769490146055, 0.8482917699874823, 2.180503576814203, 0.2176063066589278, 1.3912990651222077, 1.1017259969509414, 2.8074535609041273, 2.4577803675361447, 4.407933146373824, 1.6616741674819182, 1.5780412528830938, 0.7637272659107979, 1.8403550099840926, 0.14713027558540415, 0.3381358873107725, 0.9648598051879209, 1.9954517193276065, 2.1387961031934672, 3.9024400999532673, 0.9745224594303503, 1.3757302320810236, 0.7951801121013744, 1.9057405964511014, 0.14044928942209026, 2.5937156301960465, 1.313802350527614, 3.582507282223584, 3.5435419183817904, 4.860706211841962, 2.746235861663491, 1.9943708715416333, 0.6705790566302992, 1.567573851921052, 0.13787816128986405, 104.93204499286259, 53.30034599507385, 198.49535394965204, 30.945548997916255, 9.308079929515005, 43.71800649608736, 102.70016725100454, 73.68645013498144, 0.48244383711762295, 0.4382741498105259, 0.4284672119149052, 1.1927110279531647, 1.165201231662035, 1.1059011982871212, 1.2181824835509414, 1.303104295287258]}